{
  "baseline": {
    "acc_train": 0.995800395256917,
    "acc_test": 0.8873517786561265,
    "acc_all": 0.9255,
    "acc_unobs": 0.8757085020242915,
    "rmse": 1.4466787497297486,
    "rel_error": 3.3751490080010913,
    "eff_rank": 17,
    "nuc_norm": 456.92231878182713,
    "ndcg@10": 0.13857360135302474,
    "precision@10": 0.09199999999999997,
    "l0_mismatches": 17,
    "runtime": 0.34365010261535645,
    "iterations": 34
  },
  "improved": {
    "acc_train": 0.9777667984189723,
    "acc_test": 0.892292490118577,
    "acc_all": 0.9192,
    "acc_unobs": 0.8767206477732794,
    "rmse": 1.1053383060420041,
    "rel_error": 2.578790548931612,
    "eff_rank": 10,
    "nuc_norm": 329.4579560338666,
    "ndcg@10": 0.14517152842768286,
    "precision@10": 0.09499999999999999,
    "l0_mismatches": 90,
    "runtime": 2.7182843685150146,
    "iterations": 11
  },
  "config": {
    "m": 100,
    "n": 100,
    "rank": 5,
    "obs_prob": 0.5,
    "best_lambda": 2.7777777777777777
  }
}